test/cdo/aws/redshift/test_client.rb	2
test/cdo/aws/redshift/test_materialized_view_manager.rb	3
test/cdo/aws/redshift/test_zero_etl.rb	3
test/cdo/aws/test_cloudwatch_logs.rb	3
test/cdo/aws/test_ec2.rb	3
test/cdo/aws/test_ec2_autoscaling.rb	3
test/cdo/aws/test_metrics.rb	3
test/cdo/aws/test_rds.rb	3
test/cdo/aws/test_s3_packaging.rb	3
test/cdo/cloud_formation/test_cdo_app.rb	3
test/cdo/contact_rollups/test_pardot_helpers.rb	4
test/cdo/contact_rollups/test_pardot_v2.rb	3
test/cdo/google/test_drive.rb	3
test/cdo/pegasus/test_array.rb	3
test/cdo/pegasus/test_file_utility.rb	3
test/cdo/pegasus/test_graphics.rb	19
test/cdo/pegasus/test_hash.rb	3
test/cdo/pegasus/test_object.rb	3
test/cdo/pegasus/test_properties.rb	3
test/cdo/pegasus/test_string.rb	3
test/cdo/rack/test_geolocation_override.rb	2
test/cdo/rack/test_optimize.rb	4
test/cdo/rack/test_request.rb	3
test/cdo/rack/test_session_cookie_scope_migration.rb	2
test/cdo/redcarpet/test_inline.rb	3
test/cdo/test_active_job_backend.rb	6
test/cdo/test_anon_user_id.rb	3
test/cdo/test_app_server_hooks.rb	3
test/cdo/test_asset_helper.rb	3
test/cdo/test_azure_ai_content_safety.rb	2
test/cdo/test_buffer.rb	5
test/cdo/test_cdo_cli.rb	3
test/cdo/test_cdo_env_vars.rb	6
test/cdo/test_chat_client.rb	3
test/cdo/test_ci_utils.rb	2
test/cdo/test_code_generation.rb	3
test/cdo/test_config.rb	3
test/cdo/test_developers_topic.rb	3
test/cdo/test_firehose.rb	3
test/cdo/test_geocoder.rb	3
test/cdo/test_git_utils.rb	3
test/cdo/test_github.rb	3
test/cdo/test_global_edition.rb	3
test/cdo/test_hash.rb	3
test/cdo/test_http_request_logging.rb	3
test/cdo/test_i18n_backend.rb	3
test/cdo/test_image_moderation.rb	20
test/cdo/test_imagemagick_guard.rb	3
test/cdo/test_instance_cost_collector.rb	3
test/cdo/test_lazy.rb	3
test/cdo/test_legacy_varnish_helpers.rb	3
test/cdo/test_lighthouse.rb	3
test/cdo/test_log_collector.rb	3
test/cdo/test_mailjet.rb	2
test/cdo/test_mini_magick_safety.rb	4
test/cdo/test_only_one.rb	3
test/cdo/test_parse_email_address_string.rb	2
test/cdo/test_playwright_report.rb	3
test/cdo/test_profanity_filter.rb	3
test/cdo/test_project_source_json.rb	3
test/cdo/test_puma_stats_collector.rb	3
test/cdo/test_regexp_utils.rb	3
test/cdo/test_safe_browsing.rb	3
test/cdo/test_safe_http.rb	3
test/cdo/test_safe_names.rb	3
test/cdo/test_secrets.rb	3
test/cdo/test_secrets_config.rb	3
test/cdo/test_sequel.rb	3
test/cdo/test_share_filtering.rb	3
test/cdo/test_slack.rb	2
test/cdo/test_test_flakiness.rb	2
test/cdo/test_throttle.rb	3
test/cdo/test_url_converter.rb	3
test/cdo/test_web_purify.rb	4
test/cdo/test_worker_memory_collector.rb	3
test/cdo/test_yaml.rb	2
test/cron/test_aurora_backup.rb	4
test/dynamic_config/test_dynamic_config_base.rb	3
test/dynamic_config/test_environment_aware_dynamic_config_helper.rb	3
test/dynamic_config/test_gatekeeper.rb	3
test/test_cdo.rb	3
test/test_deliverer.rb	3
test/test_hamburger.rb	3
test/test_help_header.rb	3
test/test_helper.rb	2
test/test_utf8mb4_extensions.rb	3
