{
     "rows": 8,
	 "cols": 8,
	 "dir": "EAST",
	 "start": {
		 "row": 0,
		 "col": 0
	  },
     "walls":
     [
         [1, 0, 1, 1],
		 [2, 0, 2, 1],
		 [3, 0, 3, 1],
		 [4, 0, 4, 1],
		 [5, 0, 5, 1],
		 [6, 0, 6, 1],
		 [1, 6, 1, 7],
		 [2, 6, 2, 7],
		 [3, 6, 3, 7],
		 [4, 6, 4, 7],
		 [5, 6, 5, 7],
		 [6, 6, 6, 7],
		 [0, 1, 1, 1],
		 [0, 2, 1, 2],
		 [0, 3, 1, 3],
		 [0, 4, 1, 4],
		 [0, 5, 1, 5],
		 [0, 6, 1, 6],

		 [6, 1, 7, 1],
		 [6, 2, 7, 2],
		 [6, 3, 7, 3],
		 [6, 4, 7, 4],
		 [6, 5, 7, 5],
		 [6, 6, 7, 6]
     ]
 }
