{
     "rows": 12,
	 "cols": 12,
	 "dir": "EAST",
	 "start": {
		 "row": 0,
		 "col": 0
	  },
     "walls":
     [
         [1, 0, 1, 1],
		 [2, 0, 2, 1],
		 [3, 0, 3, 1],
		 [4, 0, 4, 1],
		 [5, 0, 5, 1],
		 [6, 0, 6, 1],
		 [7, 0, 7, 1],
		 [8, 0, 8, 1],
		 [9, 0, 9, 1],
		 [10, 0, 10, 1],

		 [1, 10, 1, 11],
		 [2, 10, 2, 11],
		 [3, 10, 3, 11],
		 [4, 10, 4, 11],
		 [5, 10, 5, 11],
		 [6, 10, 6, 11],
		 [7, 10, 7, 11],
		 [8, 10, 8, 11],
		 [9, 10, 9, 11],
		 [10, 10, 10, 11],


		 [0, 1, 1, 1],
		 [0, 2, 1, 2],
		 [0, 3, 1, 3],
		 [0, 4, 1, 4],
		 [0, 5, 1, 5],
		 [0, 6, 1, 6],
		 [0, 7, 1, 7],
		 [0, 8, 1, 8],
		 [0, 9, 1, 9],
		 [0, 10, 1, 10],


		 [10, 1, 11, 1],
		 [10, 2, 11, 2],
		 [10, 3, 11, 3],
		 [10, 4, 11, 4],
		 [10, 5, 11, 5],
		 [10, 6, 11, 6],
		 [10, 7, 11, 7],
		 [10, 8, 11, 8],
		 [10, 9, 11, 9],
		 [10, 10, 11, 10]
     ]
 }
