{
     "rows": 10,
	 "cols": 10,
	 "dir": "EAST",
	 "start": {
		 "row": 0,
		 "col": 9
	  },
     "walls":
     [
     ],
     "beepers": [
     	[0,0,1],

     	[0,1,1],
     	[1,1,1],

     	[0,2,1],
     	[1,2,1],
     	[2,2,1],

     	[0,3,1],
     	[1,3,1],
     	[2,3,1],
     	[3,3,1],

     	[0,4,1],
     	[1,4,1],
     	[2,4,1],
     	[3,4,1],
     	[4,4,1],

     	[0,5,1],
     	[1,5,1],
     	[2,5,1],
     	[3,5,1],
     	[4,5,1],
     	[5,5,1],

     	[0,6,1],
     	[1,6,1],
     	[2,6,1],
     	[3,6,1],
     	[4,6,1],
     	[5,6,1],
     	[6,6,1],

     	[0,7,1],
     	[1,7,1],
     	[2,7,1],
     	[3,7,1],
     	[4,7,1],
     	[5,7,1],
     	[6,7,1],
     	[7,7,1],

     	[0,8,1],
     	[1,8,1],
     	[2,8,1],
     	[3,8,1],
     	[4,8,1],
     	[5,8,1],
     	[6,8,1],
     	[7,8,1],
     	[8,8,1],

     	[0,9,1],
     	[1,9,1],
     	[2,9,1],
     	[3,9,1],
     	[4,9,1],
     	[5,9,1],
     	[6,9,1],
     	[7,9,1],
     	[8,9,1],
     	[9,9,1]

     ]
 }