{
     "rows": 10,
	 "cols": 10,
	 "dir": "EAST",
	 "start": {
		 "row": 0,
		 "col": 0
	  },
     "walls":
     [
     ],
	 "beepers":
	 [
	 	[0, 1, 1],
		[0, 4, 1],
		[0, 5, 1],
		[0, 8, 1],
		[0, 9, 1],
		
		[1, 0, 1],
		[1, 3, 1],
		[1, 6, 1],
		[1, 9, 1],
		
		[2, 1, 1],
		[2, 4, 1],
		[2, 7, 1],
		[2, 8, 1],
		
		[3, 0, 1],
		[3, 2, 1],
		[3, 3, 1],
		[3, 4, 1],
		
		[4, 5, 1],
		[4, 6, 1],
		
		[5, 1, 1],
		[5, 3, 1],
		[5, 4, 1],
		[5, 9, 1],
		
		[6, 0, 1],
		[6, 5, 1],
		[6, 6, 1],
		[6, 8, 1],
		
		[7, 2, 1],
		[7, 4, 1],
		[7, 5, 1],
		[7, 7, 1],
		
		[8, 0, 1],
		[8, 1, 1],
		[8, 8, 1],
		[8, 9, 1],
		
		[9, 3, 1],
		[9, 5, 1],
		[9, 6, 1],
		[9, 7, 1]
		
	 ]
 }