{
     "rows": 25,
	 "cols": 25,
	 "dir": "EAST",
	 "start": {
		 "row": 0,
		 "col": 0
	  },
     "walls":
     [
     ],
	 "beepers":
	 [
	 	[0, 0, 1],
		[0, 3, 1],
		[0, 5, 1],
		
		[3, 0, 1],
		[3, 1, 1],
		[3, 22, 1],
		[8, 3, 1],
		[3, 4, 1],

		[8, 15, 1],
		[3, 16, 1],
		
		[2, 11, 1],
		[2, 24, 1],
		[2, 15, 1],
		
		[4, 4, 1],
		[4, 15, 1],

		[13, 0, 1],
		[13, 1, 1],
		[13, 2, 1],
		[13, 3, 1],
		[13, 4, 1],
		
		[12, 1, 1],
		[12, 4, 1],
		[12, 5, 1],
		
		[14, 4, 1],
		[14, 5, 1],

		[23, 0, 1],
		[23, 1, 1],
		[23, 12, 1],
		[23, 13, 1],
		[23, 24, 1],
		

		[21, 0, 1],
		[21, 1, 1],
		[21, 22, 1],
		[21, 3, 1],
		[21, 14, 1]
		
	 ]
 }