test/haml/test_onetrust_cookie_scripts.rb	6
test/middleware/helpers/test_storage_id.rb	10
test/test_aws_s3_integration.rb	7
test/test_cdo.rb	4
test/test_cloudfront.rb	6
test/test_cookie_whitelist.rb	5
test/test_country_codes.rb	2
test/test_cron.rb	5
test/test_dms.rb	6
test/test_email_validator.rb	5
test/test_env.rb	5
test/test_helper.rb	5
test/test_honeybadger.rb	6
test/test_html_parser.rb	5
test/test_log.rb	5
test/test_milestone_parser.rb	6
test/test_poste.rb	9
test/test_rake_utils.rb	5
test/test_s3_packaging.rb	7
test/test_shared_resources.rb	6
test/test_state_abbr.rb	2
