31134344	Turning right four times is the same as not turning at all.
32869029	Turning right four times is the same as not turning at all.
32640789	Instead of turning, use these blocks to move [{'type': 'maze_moveForward'}]
32624331	Turning left and right cancel each other out.
36337379	You made it, but have extra blocks.
32499988	This block makes angry bird move [{'type': 'maze_moveForward'}]
32513660	You made it, but you have extra move blocks.
31203998	Do you need to turn? Try removing these blocks [{'type': 'maze_turn', 'titles': {'DIR': 'turnRight'}}]
32476308	Do you need to turn? Try removing this block [{'type': 'maze_turn', 'titles': {'DIR': 'turnRight'}}]
33144685	You made it, but have extra blocks.
32461337	Instead of turning, use these blocks to move [{'type': 'maze_moveForward'}]
32552743	Do you need to turn? Try removing these blocks [{'type': 'maze_turn', 'titles': {'DIR': 'turnRight'}}]
31101772	Do you need to turn? Try removing this block [{'type': 'maze_turn', 'titles': {'DIR': 'turnRight'}}]
31118170	Instead of turning, use these blocks to move [{'type': 'maze_moveForward'}]
33491774	You're almost there! Just a little bit more!
32539060	You made it, but have extra blocks.
32540378	Instead of turning, use these blocks to move [{'type': 'maze_moveForward'}]
32462589	Do you need to turn? Try removing this block [{'type': 'maze_turn', 'titles': {'DIR': 'turnRight'}}]
31123743	Do you need to turn? Try removing this block [{'type': 'maze_turn', 'titles': {'DIR': 'turnLeft'}}]
31172998	Do you need to turn? Try removing this block [{'type': 'maze_turn', 'titles': {'DIR': 'turnLeft'}}]
32457585	You're almost there! Just a little bit more!
32457581	You made it, but you have an extra move block [{'type': 'maze_moveForward'}]
32457570	That was a good start. Try adding more of these blocks [{'type': 'maze_moveForward'}]
40736443	Do you need to turn? Try removing this block [{'type': 'maze_turn', 'titles': {'DIR': 'turnLeft'}}]
36143529	Turning right four times is the same as not turning at all.
54385116	You made it, but you have extra move blocks.
31193425	Do you need to turn? Try removing these blocks [{'type': 'maze_turn', 'titles': {'DIR': 'turnRight'}}]
32458677	Do you need to turn? Try removing this block [{'type': 'maze_turn', 'titles': {'DIR': 'turnRight'}}]
32513616	Turning left four times is the same as not turning at all.
32458652	Do you need to turn? Try removing these blocks [{'type': 'maze_turn', 'titles': {'DIR': 'turnRight'}}]
32474206	Do you need to turn? Try removing these blocks [{'type': 'maze_turn', 'titles': {'DIR': 'turnLeft'}}]
31981286	Turning right four times is the same as not turning at all.
36830523	Do you need to turn? Try removing these blocks [{'type': 'maze_turn', 'titles': {'DIR': 'turnRight'}}]
32476428	Do you need to turn? Try removing this block [{'type': 'maze_turn', 'titles': {'DIR': 'turnRight'}}]
32499899	Instead of turning, use these blocks to move [{'type': 'maze_moveForward'}]
32519574	Do you need to turn? Try removing this block [{'type': 'maze_turn', 'titles': {'DIR': 'turnRight'}}]
32519596	Turning left and right cancel each other out.
31333653	You're almost there! Just a little bit more!
32458750	Do you need to turn? Try removing this block [{'type': 'maze_turn', 'titles': {'DIR': 'turnRight'}}]
32458746	Do you need to turn? Try removing this block [{'type': 'maze_turn', 'titles': {'DIR': 'turnRight'}}]
31333666	Turning left and then right is the same as not turning at all.
32476591	Do you need to turn? Try removing these blocks [{'type': 'maze_turn', 'titles': {'DIR': 'turnRight'}}]
32458772	Use these blocks to move [{'type': 'maze_moveForward'}]
32458793	That was a good start. Try adding more of these blocks [{'type': 'maze_moveForward'}]
32458782	Do you need to turn? Try removing this block [{'type': 'maze_turn', 'titles': {'DIR': 'turnRight'}}]
32872001	Instead of turning, use these blocks to move [{'type': 'maze_moveForward'}]
32624501	Do you need to turn? Try removing these blocks [{'type': 'maze_turn', 'titles': {'DIR': 'turnLeft'}}]
32460042	Do you need to turn? Try removing these blocks [{'type': 'maze_turn', 'titles': {'DIR': 'turnRight'}}]
31101999	You made it, but have extra blocks.
43690448	Instead of turning, use these blocks to move [{'type': 'maze_moveForward'}]
31118371	Good job!
33508568	You're almost there! Just a little bit more!
33099404	Do you need to turn? Try removing this block [{'type': 'maze_turn', 'titles': {'DIR': 'turnRight'}}]
34990014	Do you need to turn? Try removing this block [{'type': 'maze_turn', 'titles': {'DIR': 'turnLeft'}}]
32519886	Do you need to turn? Try removing these blocks [{'type': 'maze_turn', 'titles': {'DIR': 'turnRight'}}]
31220367	Do you need to turn? Try removing this block [{'type': 'maze_turn', 'titles': {'DIR': 'turnRight'}}]
68673481	Do you need to turn? Try removing these blocks [{'type': 'maze_turn', 'titles': {'DIR': 'turnLeft'}}]
32540136	Instead of turning, use these blocks to move [{'type': 'maze_moveForward'}]
33099425	Do you need to turn? Try removing this block [{'type': 'maze_turn', 'titles': {'DIR': 'turnLeft'}}]
73687249	Instead of turning, use these blocks to move [{'type': 'maze_moveForward'}]
32457382	Good job!
31111394	Instead of turning, use these blocks to move [{'type': 'maze_moveForward'}]
32458800	You made it, but you have an extra move block [{'type': 'maze_moveForward'}]
31125238	Turning left and right cancel each other out.
31134451	Do you need to turn? Try removing these blocks [{'type': 'maze_turn', 'titles': {'DIR': 'turnRight'}}]
32519759	Turning left and right cancel each other out.
32457306	Good job!
32762627	Do you need to turn? Try removing these blocks [{'type': 'maze_turn', 'titles': {'DIR': 'turnLeft'}}]
32458890	Do you need to turn? Try removing this block [{'type': 'maze_turn', 'titles': {'DIR': 'turnLeft'}}]
31495429	You made it, but have extra blocks.
32591736	Instead of turning, use these blocks to move [{'type': 'maze_moveForward'}]
31125205	Turning left and right cancel each other out.
32476622	Instead of turning, use these blocks to move [{'type': 'maze_moveForward'}]
31193603	Turning left and right cancel each other out.
32574666	Instead of turning, use these blocks to move [{'type': 'maze_moveForward'}]
32519764	Instead of turning, use these blocks to move [{'type': 'maze_moveForward'}]
31202379	Turning left four times is the same as not turning at all.
39002789	Do you need to turn? Try removing these blocks [{'type': 'maze_turn', 'titles': {'DIR': 'turnRight'}}]
31347252	Turning left and right cancel each other out.
32458959	You mad it, but have extra blocks.
47234085	Do you need to turn? Try removing these blocks [{'type': 'maze_turn', 'titles': {'DIR': 'turnRight'}}]
32934136	Instead of turning, use these blocks to move [{'type': 'maze_moveForward'}]
32458976	Do you need to turn? Try removing these blocks [{'type': 'maze_turn', 'titles': {'DIR': 'turnLeft'}}]
32458912	Do you need to turn? Try removing this block [{'type': 'maze_turn', 'titles': {'DIR': 'turnLeft'}}]
32813880	Instead of turning, use these blocks to move [{'type': 'maze_moveForward'}]
31408049	That was a good start. Try adding more of these blocks [{'type': 'maze_moveForward'}]
52258917	Turning left and then right is the same as not turning at all.
40191492	Do you need to turn? Try removing this block [{'type': 'maze_turn', 'titles': {'DIR': 'turnRight'}}]
33955395	Turning left and right cancel each other out.
32396200	Turning left four times is the same as not turning at all.
42233686	Do you need to turn? Try removing these blocks [{'type': 'maze_turn', 'titles': {'DIR': 'turnLeft'}}]
32519277	You made it, but you have extra move blocks.
34232231	Turning left and right cancel each other out.
32563379	You made it, but have extra blocks.
31201037	Do you need to turn? Try removing this block [{'type': 'maze_turn', 'titles': {'DIR': 'turnLeft'}}]
32880123	You made it, but you have extra move blocks.
31246215	Do you need to turn? Try removing this block [{'type': 'maze_turn', 'titles': {'DIR': 'turnRight'}}]
31220851	Do you need to turn? Try removing these blocks [{'type': 'maze_turn', 'titles': {'DIR': 'turnLeft'}}]
32491877	You made it, but have extra blocks.
32934064	Instead of turning, use these blocks to move [{'type': 'maze_moveForward'}]
33151241	You're almost there! Just a little bit more!
31123466	Do you need to turn? Try removing this block [{'type': 'maze_turn', 'titles': {'DIR': 'turnRight'}}]
31374393	Do you need to turn? Try removing this block [{'type': 'maze_turn', 'titles': {'DIR': 'turnLeft'}}]
32551787	Do you need to turn? Try removing these blocks [{'type': 'maze_turn', 'titles': {'DIR': 'turnRight'}}]
32562577	Instead of turning, use these blocks to move [{'type': 'maze_moveForward'}]
38457291	Turning left and right cancel each other out.
31158249	Do you need to turn? Try removing this block [{'type': 'maze_turn', 'titles': {'DIR': 'turnRight'}}]
31441085	Do you need to turn? Try removing this block [{'type': 'maze_turn', 'titles': {'DIR': 'turnLeft'}}]
31209401	Instead of turning, use these blocks to move [{'type': 'maze_moveForward'}]
32478056	You made it, but have extra blocks.
31157109	Turning left and right cancel each other out.
31119315	Do you need to turn? Try removing these blocks [{'type': 'maze_turn', 'titles': {'DIR': 'turnRight'}}]
32003701	Do you need to turn? Try removing these blocks [{'type': 'maze_turn', 'titles': {'DIR': 'turnRight'}}]
42007100	Do you need to turn? Try removing this block [{'type': 'maze_turn', 'titles': {'DIR': 'turnRight'}}]
31373287	Do you need to turn? Try removing these blocks [{'type': 'maze_turn', 'titles': {'DIR': 'turnRight'}}]
32935590	Instead of turning, use these blocks to move [{'type': 'maze_moveForward'}]
31798128	Instead of turning, use these blocks to move [{'type': 'maze_moveForward'}]
32457604	Do you need to turn? Try removing this block [{'type': 'maze_turn', 'titles': {'DIR': 'turnLeft'}}]
32457606	You're almost there! Just a little bit more!
33282239	Turning right and then left is the same as not turning at all.
31245011	Instead of turning, use these blocks to move [{'type': 'maze_moveForward'}]
32469567	Instead of turning, use these blocks to move [{'type': 'maze_moveForward'}]
31171691	Turning left and right cancel each other out.
33579390	Do you need to turn? Try removing these blocks [{'type': 'maze_turn', 'titles': {'DIR': 'turnRight'}}]
35117290	Do you need to turn? Try removing these blocks [{'type': 'maze_turn', 'titles': {'DIR': 'turnRight'}}]
32552911	Turning left and then right is the same as not turning at all.
36481754	Instead of turning, use these blocks to move [{'type': 'maze_moveForward'}]
31139332	Instead of turning, use these blocks to move [{'type': 'maze_moveForward'}]
32476988	You mad it, but have extra blocks.
42007216	Do you need to turn? Try removing these blocks [{'type': 'maze_turn', 'titles': {'DIR': 'turnLeft'}}]
31331044	Do you need to turn? Try removing this block [{'type': 'maze_turn', 'titles': {'DIR': 'turnLeft'}}]
32609747	Do you need to turn? Try removing this block [{'type': 'maze_turn', 'titles': {'DIR': 'turnLeft'}}]
52258732	That was a good start. Try adding more of these blocks [{'type': 'maze_moveForward'}]
32507772	Instead of turning, use these blocks to move [{'type': 'maze_moveForward'}]
33066905	You made it, but you have an extra move block [{'type': 'maze_moveForward'}]
32538000	Do you need to turn? Try removing these blocks [{'type': 'maze_turn', 'titles': {'DIR': 'turnLeft'}}]
32510694	Do you need to turn? Try removing this block [{'type': 'maze_turn', 'titles': {'DIR': 'turnRight'}}]
32491673	Do you need to turn? Try removing these blocks [{'type': 'maze_turn', 'titles': {'DIR': 'turnRight'}}]
33649709	Instead of turning, use these blocks to move [{'type': 'maze_moveForward'}]
32579369	Turning left and right cancel each other out.
32486381	Do you need to turn? Try removing these blocks [{'type': 'maze_turn', 'titles': {'DIR': 'turnLeft'}}]
32517136	Instead of turning, use these blocks to move [{'type': 'maze_moveForward'}]
32805466	Do you need to turn? Try removing these blocks [{'type': 'maze_turn', 'titles': {'DIR': 'turnRight'}}]
32576287	Do you need to turn? Try removing this block [{'type': 'maze_turn', 'titles': {'DIR': 'turnRight'}}]
34089110	Do you need to turn? Try removing this block [{'type': 'maze_turn', 'titles': {'DIR': 'turnRight'}}]
32467259	Do you need to turn? Try removing this block [{'type': 'maze_turn', 'titles': {'DIR': 'turnLeft'}}]
31154108	This block makes angry bird move [{'type': 'maze_moveForward'}]
32630271	Instead of turning, use these blocks to move [{'type': 'maze_moveForward'}]
31927423	You're almost there! Just a little bit more!
31118084	You made it, but you have extra move blocks.
31118026	Do you need to turn? Try removing this block [{'type': 'maze_turn', 'titles': {'DIR': 'turnLeft'}}]
32589033	Do you need to turn? Try removing these blocks [{'type': 'maze_turn', 'titles': {'DIR': 'turnLeft'}}]
64376135	Turning left and right cancel each other out.
35425811	You're almost there! Just a little bit more!
32555488	You made it, but have extra blocks.
32668714	Do you need to turn? Try removing these blocks [{'type': 'maze_turn', 'titles': {'DIR': 'turnLeft'}}]
32507958	Turning left and right cancel each other out.
35015746	Do you need to turn? Try removing this block [{'type': 'maze_turn', 'titles': {'DIR': 'turnRight'}}]
31132163	Turning left and right cancel each other out.
32487655	Do you need to turn? Try removing this block [{'type': 'maze_turn', 'titles': {'DIR': 'turnLeft'}}]
32487645	Turning left and right cancel each other out.
45131121	You made it, but have extra blocks.
41773288	You made it, but you have extra move blocks.
31105089	Do you need to turn? Try removing this block [{'type': 'maze_turn', 'titles': {'DIR': 'turnRight'}}]
34176851	Do you need to turn? Try removing these blocks [{'type': 'maze_turn', 'titles': {'DIR': 'turnRight'}}]
35914042	Turning left and right cancel each other out.
31325802	You're almost there! Just a little bit more!
46459358	Instead of turning, use these blocks to move [{'type': 'maze_moveForward'}]
31105057	This block makes angry bird move [{'type': 'maze_moveForward'}]
32594495	Instead of turning, use these blocks to move [{'type': 'maze_moveForward'}]
31105013	Do you need to turn? Try removing this block [{'type': 'maze_turn', 'titles': {'DIR': 'turnRight'}}]
35191081	Turning left and right cancel each other out.
31105208	Turning left and right cancel each other out.
31281283	Instead of turning, use these blocks to move [{'type': 'maze_moveForward'}]
31262343	You're almost there! Just a little bit more!
31111930	You made it, but you have extra move blocks.
32555528	You made it, but have extra blocks.
31331143	Do you need to turn? Try removing this block [{'type': 'maze_turn', 'titles': {'DIR': 'turnRight'}}]
31269297	You made it, but have extra blocks.
31326075	Instead of turning, use these blocks to move [{'type': 'maze_moveForward'}]
31127188	Do you need to turn? Try removing this block [{'type': 'maze_turn', 'titles': {'DIR': 'turnRight'}}]
42094316	Do you need to turn? Try removing this block [{'type': 'maze_turn', 'titles': {'DIR': 'turnLeft'}}]
37500704	Do you need to turn? Try removing this block [{'type': 'maze_turn', 'titles': {'DIR': 'turnLeft'}}]
32825758	That was a good start. Try adding more of these blocks [{'type': 'maze_moveForward'}]
31284336	Do you need to turn? Try removing these blocks [{'type': 'maze_turn', 'titles': {'DIR': 'turnRight'}}]
31105142	You made it, but have extra blocks.
31171533	Instead of turning, use these blocks to move [{'type': 'maze_moveForward'}]
32492842	Instead of turning, use these blocks to move [{'type': 'maze_moveForward'}]
32836464	Do you need to turn? Try removing this block [{'type': 'maze_turn', 'titles': {'DIR': 'turnRight'}}]
31916974	Do you need to turn? Try removing this block [{'type': 'maze_turn', 'titles': {'DIR': 'turnRight'}}]
32524734	Instead of turning, use these blocks to move [{'type': 'maze_moveForward'}]
31788216	You made it, but have extra blocks.
32589270	You're almost there! Just a little bit more!
36287580	Turning left and then right is the same as not turning at all.
32487433	You made it, but have extra blocks.
31236183	Do you need to turn? Try removing this block [{'type': 'maze_turn', 'titles': {'DIR': 'turnLeft'}}]
32525806	You made it, but you have an extra move block [{'type': 'maze_moveForward'}]
31178795	Do you need to turn? Try removing this block [{'type': 'maze_turn', 'titles': {'DIR': 'turnLeft'}}]
39013089	Do you need to turn? Try removing this block [{'type': 'maze_turn', 'titles': {'DIR': 'turnLeft'}}]
32469116	Turning left and right cancel each other out.
32469122	Do you need to turn? Try removing this block [{'type': 'maze_turn', 'titles': {'DIR': 'turnRight'}}]
31099872	Good job!
32506698	Do you need to turn? Try removing this block [{'type': 'maze_turn', 'titles': {'DIR': 'turnLeft'}}]
33999121	You're almost there! Just a little bit more!
33225699	Do you need to turn? Try removing this block [{'type': 'maze_turn', 'titles': {'DIR': 'turnRight'}}]
32460928	Good job!
31178638	That was a good start. Try adding more of these blocks [{'type': 'maze_moveForward'}]
31716688	Do you need to turn? Try removing these blocks [{'type': 'maze_turn', 'titles': {'DIR': 'turnRight'}}]
31238035	Instead of turning, use these blocks to move [{'type': 'maze_moveForward'}]
36287645	Turning left and right cancel each other out.
31394804	You made it, but you have extra move blocks.
38819947	You're almost there! Just a little bit more!
33117272	Do you need to turn? Try removing this block [{'type': 'maze_turn', 'titles': {'DIR': 'turnLeft'}}]
50294935	Do you need to turn? Try removing this block [{'type': 'maze_turn', 'titles': {'DIR': 'turnLeft'}}]
38819975	Turning left and then right is the same as not turning at all.
38659508	Turning right four times is the same as not turning at all.
33203936	You're almost there! Just a little bit more!
31394882	Turning right four times is the same as not turning at all.
31262175	Do you need to turn? Try removing this block [{'type': 'maze_turn', 'titles': {'DIR': 'turnLeft'}}]
31100821	Do you need to turn? Try removing this block [{'type': 'maze_turn', 'titles': {'DIR': 'turnLeft'}}]
31121436	Do you need to turn? Try removing this block [{'type': 'maze_turn', 'titles': {'DIR': 'turnLeft'}}]
32520434	You made it, but have extra blocks.
31171347	Turning left and right cancel each other out.
31679078	Do you need to turn? Try removing these blocks [{'type': 'maze_turn', 'titles': {'DIR': 'turnRight'}}]
31157310	Turning left and right cancel each other out.
32814620	Do you need to turn? Try removing this block [{'type': 'maze_turn', 'titles': {'DIR': 'turnLeft'}}]
31105537	Do you need to turn? Try removing this block [{'type': 'maze_turn', 'titles': {'DIR': 'turnRight'}}]
35594996	Turning left and right cancel each other out.
31100772	Do you need to turn? Try removing these blocks [{'type': 'maze_turn', 'titles': {'DIR': 'turnLeft'}}]
32585205	Do you need to turn? Try removing this block [{'type': 'maze_turn', 'titles': {'DIR': 'turnLeft'}}]
31100738	You made it, but have extra blocks.
31100720	Turning left and right cancel each other out.
33105239	Do you need to turn? Try removing this block [{'type': 'maze_turn', 'titles': {'DIR': 'turnRight'}}]
32526374	You made it, but have extra blocks.
32592215	Do you need to turn? Try removing this block [{'type': 'maze_turn', 'titles': {'DIR': 'turnLeft'}}]
31473538	Turning left and then right is the same as not turning at all.
47853354	You're almost there! Just a little bit more!
31242575	Instead of turning, use these blocks to move [{'type': 'maze_moveForward'}]
47391916	You made it, but have extra blocks.
37007991	Do you need to turn? Try removing these blocks [{'type': 'maze_turn', 'titles': {'DIR': 'turnRight'}}]
32635707	You made it, but have extra blocks.
31383187	Do you need to turn? Try removing this block [{'type': 'maze_turn', 'titles': {'DIR': 'turnLeft'}}]
34568328	You made it, but you have extra move blocks.
33401582	This block makes angry bird move [{'type': 'maze_moveForward'}]
31367122	You made it, but you have an extra move block [{'type': 'maze_moveForward'}]
32501877	Do you need to turn? Try removing this block [{'type': 'maze_turn', 'titles': {'DIR': 'turnLeft'}}]
49184503	Do you need to turn? Try removing this block [{'type': 'maze_turn', 'titles': {'DIR': 'turnLeft'}}]
32517795	Do you need to turn? Try removing this block [{'type': 'maze_turn', 'titles': {'DIR': 'turnLeft'}}]
32487316	Do you need to turn? Try removing this block [{'type': 'maze_turn', 'titles': {'DIR': 'turnRight'}}]
56523538	Do you need to turn? Try removing this block [{'type': 'maze_turn', 'titles': {'DIR': 'turnLeft'}}]
31580643	Do you need to turn? Try removing these blocks [{'type': 'maze_turn', 'titles': {'DIR': 'turnRight'}}]
31100619	Do you need to turn? Try removing these blocks [{'type': 'maze_turn', 'titles': {'DIR': 'turnRight'}}]
31100688	Use these blocks to move [{'type': 'maze_moveForward'}]
32487359	Do you need to turn? Try removing this block [{'type': 'maze_turn', 'titles': {'DIR': 'turnRight'}}]
40439304	Do you need to turn? Try removing these blocks [{'type': 'maze_turn', 'titles': {'DIR': 'turnRight'}}]
31168545	Do you need to turn? Try removing these blocks [{'type': 'maze_turn', 'titles': {'DIR': 'turnRight'}}]
34514418	You made it, but you have extra move blocks.
32492411	Turning left and right cancel each other out.
31149493	Do you need to turn? Try removing this block [{'type': 'maze_turn', 'titles': {'DIR': 'turnLeft'}}]
32561919	Do you need to turn? Try removing this block [{'type': 'maze_turn', 'titles': {'DIR': 'turnLeft'}}]
33066079	That was a good start. Try adding more of these blocks [{'type': 'maze_moveForward'}]
31319817	Instead of turning, use these blocks to move [{'type': 'maze_moveForward'}]
32550009	Do you need to turn? Try removing these blocks [{'type': 'maze_turn', 'titles': {'DIR': 'turnRight'}}]
32690054	You made it, but have extra blocks.
53506477	Do you need to turn? Try removing this block [{'type': 'maze_turn', 'titles': {'DIR': 'turnRight'}}]
32033021	Turning left and then right is the same as not turning at all.
31133416	Do you need to turn? Try removing this block [{'type': 'maze_turn', 'titles': {'DIR': 'turnRight'}}]
35751727	Instead of turning, use these blocks to move [{'type': 'maze_moveForward'}]
31262447	Turning right and then left is the same as not turning at all.
38353867	Do you need to turn? Try removing this block [{'type': 'maze_turn', 'titles': {'DIR': 'turnRight'}}]
32668456	Do you need to turn? Try removing this block [{'type': 'maze_turn', 'titles': {'DIR': 'turnLeft'}}]
32476134	Do you need to turn? Try removing these blocks [{'type': 'maze_turn', 'titles': {'DIR': 'turnRight'}}]
32476173	Do you need to turn? Try removing this block [{'type': 'maze_turn', 'titles': {'DIR': 'turnRight'}}]
32487096	Turning left and right cancel each other out.
31167109	Do you need to turn? Try removing this block [{'type': 'maze_turn', 'titles': {'DIR': 'turnRight'}}]
32487043	You made it, but have extra blocks.
32487050	Do you need to turn? Try removing this block [{'type': 'maze_turn', 'titles': {'DIR': 'turnRight'}}]
31181884	Do you need to turn? Try removing these blocks [{'type': 'maze_turn', 'titles': {'DIR': 'turnLeft'}}]
32601408	Do you need to turn? Try removing this block [{'type': 'maze_turn', 'titles': {'DIR': 'turnLeft'}}]
32487015	Use these blocks to move [{'type': 'maze_moveForward'}]
33068232	You made it, but have extra blocks.
32487007	Do you need to turn? Try removing this block [{'type': 'maze_turn', 'titles': {'DIR': 'turnRight'}}]
31173993	You're almost there! Just a little bit more!
31299883	Do you need to turn? Try removing these blocks [{'type': 'maze_turn', 'titles': {'DIR': 'turnRight'}}]
32480260	You're almost there! Just a little bit more!
35236395	Do you need to turn? Try removing this block [{'type': 'maze_turn', 'titles': {'DIR': 'turnLeft'}}]
41127822	Do you need to turn? Try removing these blocks [{'type': 'maze_turn', 'titles': {'DIR': 'turnRight'}}]
31100434	You mad it, but have extra blocks.
35764232	Do you need to turn? Try removing this block [{'type': 'maze_turn', 'titles': {'DIR': 'turnRight'}}]
32500507	Turning left and then right is the same as not turning at all.
35764235	Turning left and right cancel each other out.
31100473	That was a good start. Try adding more of these blocks [{'type': 'maze_moveForward'}]
32476255	Do you need to turn? Try removing this block [{'type': 'maze_turn', 'titles': {'DIR': 'turnRight'}}]
32476248	Instead of turning, use these blocks to move [{'type': 'maze_moveForward'}]
31133386	Do you need to turn? Try removing this block [{'type': 'maze_turn', 'titles': {'DIR': 'turnLeft'}}]
32476285	Turning right four times is the same as not turning at all.
31181968	You made it, but have extra blocks.
32548054	Do you need to turn? Try removing this block [{'type': 'maze_turn', 'titles': {'DIR': 'turnRight'}}]
32835587	You made it, but have extra blocks.
32493719	Do you need to turn? Try removing this block [{'type': 'maze_turn', 'titles': {'DIR': 'turnLeft'}}]
32521962	Turning left and right cancel each other out.
31359662	Do you need to turn? Try removing this block [{'type': 'maze_turn', 'titles': {'DIR': 'turnLeft'}}]
31108705	Do you need to turn? Try removing this block [{'type': 'maze_turn', 'titles': {'DIR': 'turnLeft'}}]
31314432	Turning left and then right is the same as not turning at all.
31144207	You made it, but you have extra move blocks.
31180059	Do you need to turn? Try removing this block [{'type': 'maze_turn', 'titles': {'DIR': 'turnRight'}}]
32544242	That was a good start. Try adding more of these blocks [{'type': 'maze_moveForward'}]
31149802	Do you need to turn? Try removing these blocks [{'type': 'maze_turn', 'titles': {'DIR': 'turnLeft'}}]
31151780	Instead of turning, use these blocks to move [{'type': 'maze_moveForward'}]
31151771	You made it, but have extra blocks.
31108696	Instead of turning, use these blocks to move [{'type': 'maze_moveForward'}]
32544166	You made it, but have extra blocks.
32835996	Instead of turning, use these blocks to move [{'type': 'maze_moveForward'}]
31108686	Turning left and right cancel each other out.
32608738	Instead of turning, use these blocks to move [{'type': 'maze_moveForward'}]
31137663	Do you need to turn? Try removing these blocks [{'type': 'maze_turn', 'titles': {'DIR': 'turnLeft'}}]
55609053	Do you need to turn? Try removing this block [{'type': 'maze_turn', 'titles': {'DIR': 'turnLeft'}}]
31108649	Turning left and right cancel each other out.
31104741	Turning left and right cancel each other out.
32845420	Turning left and then right is the same as not turning at all.
31106312	Do you need to turn? Try removing these blocks [{'type': 'maze_turn', 'titles': {'DIR': 'turnRight'}}]
31166401	Instead of turning, use these blocks to move [{'type': 'maze_moveForward'}]
32521898	You're almost there! Just a little bit more!
64375600	Do you need to turn? Try removing this block [{'type': 'maze_turn', 'titles': {'DIR': 'turnRight'}}]
31100380	You're almost there! Just a little bit more!
32621379	Do you need to turn? Try removing these blocks [{'type': 'maze_turn', 'titles': {'DIR': 'turnRight'}}]
31309530	You made it, but have extra blocks.
31206517	Instead of turning, use these blocks to move [{'type': 'maze_moveForward'}]
32566528	Do you need to turn? Try removing this block [{'type': 'maze_turn', 'titles': {'DIR': 'turnRight'}}]
43738376	Turning left four times is the same as not turning at all.
35094295	Do you need to turn? Try removing this block [{'type': 'maze_turn', 'titles': {'DIR': 'turnRight'}}]
31215220	Do you need to turn? Try removing this block [{'type': 'maze_turn', 'titles': {'DIR': 'turnRight'}}]
31109699	Instead of turning, use these blocks to move [{'type': 'maze_moveForward'}]
31109697	Do you need to turn? Try removing this block [{'type': 'maze_turn', 'titles': {'DIR': 'turnRight'}}]
32465501	You're almost there! Just a little bit more!
32694527	Turning left and right cancel each other out.
34290447	Do you need to turn? Try removing this block [{'type': 'maze_turn', 'titles': {'DIR': 'turnRight'}}]
31634896	You made it, but have extra blocks.
32694500	Turning left and then right is the same as not turning at all.
31100049	Do you need to turn? Try removing this block [{'type': 'maze_turn', 'titles': {'DIR': 'turnRight'}}]
32466606	Do you need to turn? Try removing these blocks [{'type': 'maze_turn', 'titles': {'DIR': 'turnRight'}}]
31100026	Do you need to turn? Try removing these blocks [{'type': 'maze_turn', 'titles': {'DIR': 'turnRight'}}]
32477933	You made it, but you have extra move blocks.
31229388	You're almost there! Just a little bit more!
32466614	This block makes angry bird move [{'type': 'maze_moveForward'}]
31679865	Do you need to turn? Try removing these blocks [{'type': 'maze_turn', 'titles': {'DIR': 'turnRight'}}]
32466655	Do you need to turn? Try removing these blocks [{'type': 'maze_turn', 'titles': {'DIR': 'turnRight'}}]
31309211	Instead of turning, use these blocks to move [{'type': 'maze_moveForward'}]
33457300	Turning left and right cancel each other out.
35431189	You made it, but you have extra move blocks.
41452092	That was a good start. Try adding more of these blocks [{'type': 'maze_moveForward'}]
32480631	Do you need to turn? Try removing this block [{'type': 'maze_turn', 'titles': {'DIR': 'turnLeft'}}]
32484793	Do you need to turn? Try removing this block [{'type': 'maze_turn', 'titles': {'DIR': 'turnRight'}}]
34969240	Do you need to turn? Try removing this block [{'type': 'maze_turn', 'titles': {'DIR': 'turnLeft'}}]
32477892	Do you need to turn? Try removing this block [{'type': 'maze_turn', 'titles': {'DIR': 'turnLeft'}}]
35506143	Do you need to turn? Try removing this block [{'type': 'maze_turn', 'titles': {'DIR': 'turnLeft'}}]
31100184	You made it, but you have an extra move block [{'type': 'maze_moveForward'}]
32533565	Instead of turning, use these blocks to move [{'type': 'maze_moveForward'}]
32694674	Do you need to turn? Try removing these blocks [{'type': 'maze_turn', 'titles': {'DIR': 'turnRight'}}]
31100147	Good job!
39260466	Do you need to turn? Try removing these blocks [{'type': 'maze_turn', 'titles': {'DIR': 'turnLeft'}}]
31149983	You're almost there! Just a little bit more!
33073349	Do you need to turn? Try removing these blocks [{'type': 'maze_turn', 'titles': {'DIR': 'turnRight'}}]
32682291	You made it, but have extra blocks.
31143077	Do you need to turn? Try removing this block [{'type': 'maze_turn', 'titles': {'DIR': 'turnRight'}}]
31138856	Do you need to turn? Try removing this block [{'type': 'maze_turn', 'titles': {'DIR': 'turnLeft'}}]
33519689	Do you need to turn? Try removing this block [{'type': 'maze_turn', 'titles': {'DIR': 'turnRight'}}]
32482757	Do you need to turn? Try removing these blocks [{'type': 'maze_turn', 'titles': {'DIR': 'turnRight'}}]
31102152	Do you need to turn? Try removing this block [{'type': 'maze_turn', 'titles': {'DIR': 'turnRight'}}]
32596764	Instead of turning, use these blocks to move [{'type': 'maze_moveForward'}]
31238528	Turning left and then right is the same as not turning at all.
32701390	Do you need to turn? Try removing this block [{'type': 'maze_turn', 'titles': {'DIR': 'turnRight'}}]
31238468	Do you need to turn? Try removing these blocks [{'type': 'maze_turn', 'titles': {'DIR': 'turnLeft'}}]
32494636	Do you need to turn? Try removing this block [{'type': 'maze_turn', 'titles': {'DIR': 'turnLeft'}}]
31288060	Do you need to turn? Try removing these blocks [{'type': 'maze_turn', 'titles': {'DIR': 'turnRight'}}]
32597442	Instead of turning, use these blocks to move [{'type': 'maze_moveForward'}]
31177530	Do you need to turn? Try removing these blocks [{'type': 'maze_turn', 'titles': {'DIR': 'turnLeft'}}]
31154400	Instead of turning, use these blocks to move [{'type': 'maze_moveForward'}]
31207365	Do you need to turn? Try removing this block [{'type': 'maze_turn', 'titles': {'DIR': 'turnLeft'}}]
32790784	Instead of turning, use these blocks to move [{'type': 'maze_moveForward'}]
31104142	Do you need to turn? Try removing this block [{'type': 'maze_turn', 'titles': {'DIR': 'turnRight'}}]
32464186	This block makes angry bird move [{'type': 'maze_moveForward'}]
31102033	Do you need to turn? Try removing this block [{'type': 'maze_turn', 'titles': {'DIR': 'turnRight'}}]
32464113	Do you need to turn? Try removing these blocks [{'type': 'maze_turn', 'titles': {'DIR': 'turnLeft'}}]
34749362	Turning left and right cancel each other out.
31102044	Do you need to turn? Try removing this block [{'type': 'maze_turn', 'titles': {'DIR': 'turnRight'}}]
40251105	Instead of turning, use these blocks to move [{'type': 'maze_moveForward'}]
32596893	Do you need to turn? Try removing this block [{'type': 'maze_turn', 'titles': {'DIR': 'turnRight'}}]
31150014	Do you need to turn? Try removing this block [{'type': 'maze_turn', 'titles': {'DIR': 'turnLeft'}}]
31150023	That was a good start. Try adding more of these blocks [{'type': 'maze_moveForward'}]
32482566	You made it, but have extra blocks.
32480997	Do you need to turn? Try removing this block [{'type': 'maze_turn', 'titles': {'DIR': 'turnRight'}}]
31154585	Do you need to turn? Try removing this block [{'type': 'maze_turn', 'titles': {'DIR': 'turnLeft'}}]
32532209	Do you need to turn? Try removing this block [{'type': 'maze_turn', 'titles': {'DIR': 'turnLeft'}}]
32494782	Instead of turning, use these blocks to move [{'type': 'maze_moveForward'}]
32690533	Do you need to turn? Try removing this block [{'type': 'maze_turn', 'titles': {'DIR': 'turnRight'}}]
32486785	Turning left and right cancel each other out.
32911460	Instead of turning, use these blocks to move [{'type': 'maze_moveForward'}]
32566963	You made it, but have extra blocks.
32722505	Instead of turning, use these blocks to move [{'type': 'maze_moveForward'}]
32466306	Turning left and right cancel each other out.
32896128	Instead of turning, use these blocks to move [{'type': 'maze_moveForward'}]
31316604	You made it, but have extra blocks.
32522884	Do you need to turn? Try removing this block [{'type': 'maze_turn', 'titles': {'DIR': 'turnLeft'}}]
43403679	You're almost there! Just a little bit more!
32466276	Do you need to turn? Try removing this block [{'type': 'maze_turn', 'titles': {'DIR': 'turnRight'}}]
32486688	You made it, but have extra blocks.
43403745	Good job!
31108850	Instead of turning, use these blocks to move [{'type': 'maze_moveForward'}]
31104113	Do you need to turn? Try removing this block [{'type': 'maze_turn', 'titles': {'DIR': 'turnLeft'}}]
31151522	Instead of turning, use these blocks to move [{'type': 'maze_moveForward'}]
31215175	Do you need to turn? Try removing this block [{'type': 'maze_turn', 'titles': {'DIR': 'turnRight'}}]
34870291	You made it, but you have extra move blocks.
32566847	You made it, but have extra blocks.
32701637	Do you need to turn? Try removing this block [{'type': 'maze_turn', 'titles': {'DIR': 'turnLeft'}}]
31416379	You're almost there! Just a little bit more!
32521692	Do you need to turn? Try removing this block [{'type': 'maze_turn', 'titles': {'DIR': 'turnLeft'}}]
32521675	You made it, but you have extra move blocks.
31159861	You made it, but have extra blocks.
71862723	You made it, but have extra blocks.
33094448	Do you need to turn? Try removing these blocks [{'type': 'maze_turn', 'titles': {'DIR': 'turnRight'}}]
31108799	Turning left and right cancel each other out.
32744324	Do you need to turn? Try removing this block [{'type': 'maze_turn', 'titles': {'DIR': 'turnRight'}}]
31177416	Do you need to turn? Try removing this block [{'type': 'maze_turn', 'titles': {'DIR': 'turnLeft'}}]
31237013	Do you need to turn? Try removing this block [{'type': 'maze_turn', 'titles': {'DIR': 'turnLeft'}}]
32957717	Instead of turning, use these blocks to move [{'type': 'maze_moveForward'}]
37230471	Do you need to turn? Try removing this block [{'type': 'maze_turn', 'titles': {'DIR': 'turnRight'}}]
32464639	You're almost there! Just a little bit more!
32464668	Turning left and right cancel each other out.
32543929	Turning left and right cancel each other out.
32651183	You made it, but have extra blocks.
32498131	Turning left and right cancel each other out.
31113359	This block makes angry bird move [{'type': 'maze_moveForward'}]
32509647	Instead of turning, use these blocks to move [{'type': 'maze_moveForward'}]
32615356	Instead of turning, use these blocks to move [{'type': 'maze_moveForward'}]
32564332	Turning right four times is the same as not turning at all.
32485232	Turning left and right cancel each other out.
31153074	Do you need to turn? Try removing this block [{'type': 'maze_turn', 'titles': {'DIR': 'turnRight'}}]
38435019	Turning left and then right is the same as not turning at all.
31101067	Turning left and right cancel each other out.
32982927	Do you need to turn? Try removing this block [{'type': 'maze_turn', 'titles': {'DIR': 'turnLeft'}}]
34999108	Turning right four times is the same as not turning at all.
31102583	You made it, but you have an extra move block [{'type': 'maze_moveForward'}]
31183297	Instead of turning, use these blocks to move [{'type': 'maze_moveForward'}]
31635352	Do you need to turn? Try removing this block [{'type': 'maze_turn', 'titles': {'DIR': 'turnRight'}}]
31101006	That was a good start. Try adding more of these blocks [{'type': 'maze_moveForward'}]
33735977	Instead of turning, use these blocks to move [{'type': 'maze_moveForward'}]
51857087	Turning left and right cancel each other out.
73668783	Turning right four times is the same as not turning at all.
32464563	Do you need to turn? Try removing these blocks [{'type': 'maze_turn', 'titles': {'DIR': 'turnRight'}}]
32510908	Instead of turning, use these blocks to move [{'type': 'maze_moveForward'}]
32464544	Instead of turning, use these blocks to move [{'type': 'maze_moveForward'}]
33607768	Do you need to turn? Try removing this block [{'type': 'maze_turn', 'titles': {'DIR': 'turnRight'}}]
32644606	Turning right and then left is the same as not turning at all.
32564452	Turning right four times is the same as not turning at all.
32470564	Instead of turning, use these blocks to move [{'type': 'maze_moveForward'}]
32473705	Do you need to turn? Try removing these blocks [{'type': 'maze_turn', 'titles': {'DIR': 'turnRight'}}]
32485399	This block makes angry bird move [{'type': 'maze_moveForward'}]
31187327	Turning right four times is the same as not turning at all.
32615425	Instead of turning, use these blocks to move [{'type': 'maze_moveForward'}]
32483154	That was a good start. Try adding more of these blocks [{'type': 'maze_moveForward'}]
32473624	Do you need to turn? Try removing these blocks [{'type': 'maze_turn', 'titles': {'DIR': 'turnRight'}}]
32483189	Do you need to turn? Try removing this block [{'type': 'maze_turn', 'titles': {'DIR': 'turnLeft'}}]
31174348	You made it, but have extra blocks.
32473676	You made it, but have extra blocks.
31124036	Turning right four times is the same as not turning at all.
31200073	Instead of turning, use these blocks to move [{'type': 'maze_moveForward'}]
32798999	Instead of turning, use these blocks to move [{'type': 'maze_moveForward'}]
32464430	Do you need to turn? Try removing this block [{'type': 'maze_turn', 'titles': {'DIR': 'turnRight'}}]
31182046	You made it, but you have extra move blocks.
33912537	Do you need to turn? Try removing this block [{'type': 'maze_turn', 'titles': {'DIR': 'turnRight'}}]
65636978	Turning right four times is the same as not turning at all.
32472521	Do you need to turn? Try removing these blocks [{'type': 'maze_turn', 'titles': {'DIR': 'turnRight'}}]
43605500	Do you need to turn? Try removing this block [{'type': 'maze_turn', 'titles': {'DIR': 'turnRight'}}]
32537397	Do you need to turn? Try removing these blocks [{'type': 'maze_turn', 'titles': {'DIR': 'turnRight'}}]
32477118	Do you need to turn? Try removing this block [{'type': 'maze_turn', 'titles': {'DIR': 'turnLeft'}}]
31110432	Instead of turning, use these blocks to move [{'type': 'maze_moveForward'}]
31151059	Do you need to turn? Try removing this block [{'type': 'maze_turn', 'titles': {'DIR': 'turnRight'}}]
32615581	Turning left and right cancel each other out.
32924622	Do you need to turn? Try removing these blocks [{'type': 'maze_turn', 'titles': {'DIR': 'turnRight'}}]
32483297	Do you need to turn? Try removing this block [{'type': 'maze_turn', 'titles': {'DIR': 'turnLeft'}}]
32464494	Turning left and right cancel each other out.
31177822	Turning left and right cancel each other out.
31393566	Turning right four times is the same as not turning at all.
31161907	You made it, but have extra blocks.
31228609	Do you need to turn? Try removing these blocks [{'type': 'maze_turn', 'titles': {'DIR': 'turnRight'}}]
39662765	This block makes angry bird move [{'type': 'maze_moveForward'}]
33128205	You made it, but have extra blocks.
31110514	Instead of turning, use these blocks to move [{'type': 'maze_moveForward'}]
31110500	Do you need to turn? Try removing this block [{'type': 'maze_turn', 'titles': {'DIR': 'turnLeft'}}]
32485512	Do you need to turn? Try removing this block [{'type': 'maze_turn', 'titles': {'DIR': 'turnLeft'}}]
32651218	Do you need to turn? Try removing this block [{'type': 'maze_turn', 'titles': {'DIR': 'turnRight'}}]
41163383	Turning left and right cancel each other out.
32473926	Instead of turning, use these blocks to move [{'type': 'maze_moveForward'}]
37258220	Do you need to turn? Try removing this block [{'type': 'maze_turn', 'titles': {'DIR': 'turnLeft'}}]
31427284	You made it, but have extra blocks.
32470326	Do you need to turn? Try removing this block [{'type': 'maze_turn', 'titles': {'DIR': 'turnRight'}}]
31124262	Do you need to turn? Try removing these blocks [{'type': 'maze_turn', 'titles': {'DIR': 'turnRight'}}]
31117969	Instead of turning, use these blocks to move [{'type': 'maze_moveForward'}]
31113619	Do you need to turn? Try removing this block [{'type': 'maze_turn', 'titles': {'DIR': 'turnLeft'}}]
38079653	Do you need to turn? Try removing this block [{'type': 'maze_turn', 'titles': {'DIR': 'turnLeft'}}]
42362874	Do you need to turn? Try removing this block [{'type': 'maze_turn', 'titles': {'DIR': 'turnRight'}}]
32780589	Do you need to turn? Try removing this block [{'type': 'maze_turn', 'titles': {'DIR': 'turnLeft'}}]
32800859	Turning left and then right is the same as not turning at all.
32537125	Turning left and right cancel each other out.
32787814	Instead of turning, use these blocks to move [{'type': 'maze_moveForward'}]
32477361	Do you need to turn? Try removing this block [{'type': 'maze_turn', 'titles': {'DIR': 'turnLeft'}}]
32462132	Good job!
31388878	Instead of turning, use these blocks to move [{'type': 'maze_moveForward'}]
32471971	You made it, but have extra blocks.
32463504	Do you need to turn? Try removing this block [{'type': 'maze_turn', 'titles': {'DIR': 'turnLeft'}}]
31160267	Do you need to turn? Try removing this block [{'type': 'maze_turn', 'titles': {'DIR': 'turnLeft'}}]
31680811	Turning left and right cancel each other out.
38507290	You made it, but have extra blocks.
56364181	Instead of turning, use these blocks to move [{'type': 'maze_moveForward'}]
31101474	Do you need to turn? Try removing this block [{'type': 'maze_turn', 'titles': {'DIR': 'turnRight'}}]
32473386	Do you need to turn? Try removing this block [{'type': 'maze_turn', 'titles': {'DIR': 'turnRight'}}]
31101415	You're almost there! Just a little bit more!
31680768	Turning left and then right is the same as not turning at all.
32465726	You made it, but you have extra move blocks.
32463448	Do you need to turn? Try removing this block [{'type': 'maze_turn', 'titles': {'DIR': 'turnRight'}}]
33321803	Turning left and then right is the same as not turning at all.
32499776	Turning right four times is the same as not turning at all.
31779975	Instead of turning, use these blocks to move [{'type': 'maze_moveForward'}]
40369180	Do you need to turn? Try removing this block [{'type': 'maze_turn', 'titles': {'DIR': 'turnRight'}}]
31117287	Do you need to turn? Try removing this block [{'type': 'maze_turn', 'titles': {'DIR': 'turnLeft'}}]
32472130	Instead of turning, use these blocks to move [{'type': 'maze_moveForward'}]
36997082	Do you need to turn? Try removing these blocks [{'type': 'maze_turn', 'titles': {'DIR': 'turnRight'}}]
41712562	You're almost there! Just a little bit more!
32680729	Turning right four times is the same as not turning at all.
32508043	Turning left and right cancel each other out.
39569751	You made it, but have extra blocks.
33606730	Instead of turning, use these blocks to move [{'type': 'maze_moveForward'}]
35716257	Do you need to turn? Try removing this block [{'type': 'maze_turn', 'titles': {'DIR': 'turnRight'}}]
32551107	Do you need to turn? Try removing this block [{'type': 'maze_turn', 'titles': {'DIR': 'turnRight'}}]
31104962	Do you need to turn? Try removing this block [{'type': 'maze_turn', 'titles': {'DIR': 'turnLeft'}}]
31104952	You made it, but have extra blocks.
32464877	Instead of turning, use these blocks to move [{'type': 'maze_moveForward'}]
34318325	Do you need to turn? Try removing this block [{'type': 'maze_turn', 'titles': {'DIR': 'turnLeft'}}]
48850206	You're almost there! Just a little bit more!
32545396	Do you need to turn? Try removing this block [{'type': 'maze_turn', 'titles': {'DIR': 'turnLeft'}}]
35611962	Do you need to turn? Try removing this block [{'type': 'maze_turn', 'titles': {'DIR': 'turnLeft'}}]
34318351	Do you need to turn? Try removing this block [{'type': 'maze_turn', 'titles': {'DIR': 'turnLeft'}}]
31190564	Instead of turning, use these blocks to move [{'type': 'maze_moveForward'}]
42695620	Do you need to turn? Try removing this block [{'type': 'maze_turn', 'titles': {'DIR': 'turnLeft'}}]
31113089	You made it, but you have extra move blocks.
32463809	Do you need to turn? Try removing this block [{'type': 'maze_turn', 'titles': {'DIR': 'turnLeft'}}]
32473594	Do you need to turn? Try removing these blocks [{'type': 'maze_turn', 'titles': {'DIR': 'turnLeft'}}]
32803355	Do you need to turn? Try removing these blocks [{'type': 'maze_turn', 'titles': {'DIR': 'turnLeft'}}]
32473550	Turning left and right cancel each other out.
32473552	Do you need to turn? Try removing these blocks [{'type': 'maze_turn', 'titles': {'DIR': 'turnLeft'}}]
32621702	Instead of turning, use these blocks to move [{'type': 'maze_moveForward'}]
32473517	You made it, but you have extra move blocks.
32608413	Do you need to turn? Try removing these blocks [{'type': 'maze_turn', 'titles': {'DIR': 'turnRight'}}]
32621592	Do you need to turn? Try removing these blocks [{'type': 'maze_turn', 'titles': {'DIR': 'turnRight'}}]
32943107	Turning left four times is the same as not turning at all.
32696433	Instead of turning, use these blocks to move [{'type': 'maze_moveForward'}]
31243666	You made it, but have extra blocks.
32551097	Do you need to turn? Try removing these blocks [{'type': 'maze_turn', 'titles': {'DIR': 'turnRight'}}]
32545577	Instead of turning, use these blocks to move [{'type': 'maze_moveForward'}]
32473430	Do you need to turn? Try removing these blocks [{'type': 'maze_turn', 'titles': {'DIR': 'turnRight'}}]
